{
  "test_accuracy": 86.25,
  "cv_accuracy_mean": 87.61,
  "cv_accuracy_std": 1.1,
  "n_samples": 4944,
  "n_features": 20000,
  "feature_strategy": "pairwise",
  "n_estimators": 200,
  "top_features": [
    [
      "accountant",
      0.0016956377682603948
    ],
    [
      "accounting",
      0.0010414793948898351
    ],
    [
      "financial",
      0.0009020670633631929
    ],
    [
      "finance",
      0.0008242703412658793
    ],
    [
      "sales",
      0.0008085369965971532
    ],
    [
      "information technology",
      0.0007647010397386956
    ],
    [
      "designer",
      0.0007437496294988308
    ],
    [
      "marketing",
      0.000724944404473747
    ],
    [
      "hr",
      0.000678230882480494
    ],
    [
      "chef",
      0.0006761092519061083
    ],
    [
      "employee",
      0.0006740403315064878
    ],
    [
      "accounts",
      0.0006414197383140615
    ],
    [
      "business",
      0.0006289111748987922
    ],
    [
      "business development",
      0.0006049977201133135
    ],
    [
      "media",
      0.0005968685157664559
    ],
    [
      "journal entries",
      0.0005762331105166356
    ],
    [
      "construction",
      0.0005698888972165978
    ],
    [
      "engineering",
      0.0005558520696349892
    ],
    [
      "bank",
      0.0005385850649655161
    ],
    [
      "public relations",
      0.0005360407623500631
    ]
  ],
  "vocab_size": 5000
}